id,run_id,policy_version,action_type,parameter_value,policy_passed,expected_value_proxy,evidence,constraints_applied,llm_explanation
act_e705ea64,run_v0_001,v0_baseline,DISCOUNT,0.15,True,8.85,"{""customer_id"": ""1"", ""product_id"": ""26088"", ""rfm_segment"": ""Average Purchaser"", ""overdue_ratio"": 14.33, ""inventory_level"": 136, ""gross_margin_pct"": 0.45}","[{""rule"": ""max_actions_per_user"", ""value"": 1, ""check"": ""PASS""}, {""rule"": ""inventory_floor"", ""value"": 50, ""check"": ""PASS""}, {""rule"": ""margin_floor"", ""value"": 0.15, ""check"": ""PASS""}, {""rule"": ""max_discount_pct"", ""value"": 0.15, ""check"": ""PASS""}]","Since your 26088 replenishment is 1333% overdue, we are automatically offering a 15% discount. All constraints passed: margin is healthy (30%) and inventory is above floor."
act_44c53b22,run_v0_001,v0_baseline,DISCOUNT,0.15,True,29.25,"{""customer_id"": ""2"", ""product_id"": ""46676"", ""rfm_segment"": ""Champion / Loyal"", ""overdue_ratio"": 27.29, ""inventory_level"": 116, ""gross_margin_pct"": 0.46}","[{""rule"": ""max_actions_per_user"", ""value"": 1, ""check"": ""PASS""}, {""rule"": ""inventory_floor"", ""value"": 50, ""check"": ""PASS""}, {""rule"": ""margin_floor"", ""value"": 0.15, ""check"": ""PASS""}, {""rule"": ""max_discount_pct"", ""value"": 0.15, ""check"": ""PASS""}]","Since your 46676 replenishment is 2629% overdue, we are automatically offering a 15% discount. All constraints passed: margin is healthy (31%) and inventory is above floor."
act_5e0c16de,run_v0_001,v0_baseline,DISCOUNT,0.15,True,13.2,"{""customer_id"": ""3"", ""product_id"": ""38596"", ""rfm_segment"": ""Need Attention"", ""overdue_ratio"": 15.0, ""inventory_level"": 104, ""gross_margin_pct"": 0.41}","[{""rule"": ""max_actions_per_user"", ""value"": 1, ""check"": ""PASS""}, {""rule"": ""inventory_floor"", ""value"": 50, ""check"": ""PASS""}, {""rule"": ""margin_floor"", ""value"": 0.15, ""check"": ""PASS""}, {""rule"": ""max_discount_pct"", ""value"": 0.15, ""check"": ""PASS""}]","Since your 38596 replenishment is 1400% overdue, we are automatically offering a 15% discount. All constraints passed: margin is healthy (26%) and inventory is above floor."
act_8117da8b,run_v0_001,v0_baseline,NO_ACTION,0.0,False,2.7,"{""customer_id"": ""4"", ""product_id"": ""7350"", ""rfm_segment"": ""New / Promising"", ""overdue_ratio"": 17.0, ""inventory_level"": 433, ""gross_margin_pct"": 0.29}","[{""rule"": ""max_actions_per_user"", ""value"": 1, ""check"": ""PASS""}, {""rule"": ""inventory_floor"", ""value"": 50, ""check"": ""PASS""}, {""rule"": ""margin_floor"", ""value"": 0.15, ""check"": ""FAIL (post_margin=0.14)""}, {""rule"": ""max_discount_pct"", ""value"": 0.15, ""check"": ""PASS""}]",Action Suppressed. Failed constraints: ['margin_floor'].
act_2d2d9e11,run_v0_001,v0_baseline,DISCOUNT,0.15,True,5.55,"{""customer_id"": ""5"", ""product_id"": ""20754"", ""rfm_segment"": ""Low-Value / Lost"", ""overdue_ratio"": 6.0, ""inventory_level"": 188, ""gross_margin_pct"": 0.47}","[{""rule"": ""max_actions_per_user"", ""value"": 1, ""check"": ""PASS""}, {""rule"": ""inventory_floor"", ""value"": 50, ""check"": ""PASS""}, {""rule"": ""margin_floor"", ""value"": 0.15, ""check"": ""PASS""}, {""rule"": ""max_discount_pct"", ""value"": 0.15, ""check"": ""PASS""}]","Since your 20754 replenishment is 500% overdue, we are automatically offering a 15% discount. All constraints passed: margin is healthy (32%) and inventory is above floor."
act_b19f58d8,run_v0_001,v0_baseline,NO_ACTION,0.0,False,2.1,"{""customer_id"": ""6"", ""product_id"": ""48679"", ""rfm_segment"": ""New / Promising"", ""overdue_ratio"": 3.08, ""inventory_level"": 338, ""gross_margin_pct"": 0.1}","[{""rule"": ""max_actions_per_user"", ""value"": 1, ""check"": ""PASS""}, {""rule"": ""inventory_floor"", ""value"": 50, ""check"": ""PASS""}, {""rule"": ""margin_floor"", ""value"": 0.15, ""check"": ""FAIL (post_margin=-0.05)""}, {""rule"": ""max_discount_pct"", ""value"": 0.15, ""check"": ""PASS""}]",Action Suppressed. Failed constraints: ['margin_floor'].
act_12a1998d,run_v0_001,v0_baseline,NO_ACTION,0.0,False,30.9,"{""customer_id"": ""7"", ""product_id"": ""13249"", ""rfm_segment"": ""High-Value At-Risk"", ""overdue_ratio"": 20.0, ""inventory_level"": 360, ""gross_margin_pct"": 0.27}","[{""rule"": ""max_actions_per_user"", ""value"": 1, ""check"": ""PASS""}, {""rule"": ""inventory_floor"", ""value"": 50, ""check"": ""PASS""}, {""rule"": ""margin_floor"", ""value"": 0.15, ""check"": ""FAIL (post_margin=0.12)""}, {""rule"": ""max_discount_pct"", ""value"": 0.15, ""check"": ""PASS""}]",Action Suppressed. Failed constraints: ['margin_floor'].
act_c8b031a0,run_v0_001,v0_baseline,DISCOUNT,0.15,True,7.35,"{""customer_id"": ""8"", ""product_id"": ""6473"", ""rfm_segment"": ""New / Promising"", ""overdue_ratio"": 5.53, ""inventory_level"": 335, ""gross_margin_pct"": 0.32}","[{""rule"": ""max_actions_per_user"", ""value"": 1, ""check"": ""PASS""}, {""rule"": ""inventory_floor"", ""value"": 50, ""check"": ""PASS""}, {""rule"": ""margin_floor"", ""value"": 0.15, ""check"": ""PASS""}, {""rule"": ""max_discount_pct"", ""value"": 0.15, ""check"": ""PASS""}]","Since your 6473 replenishment is 453% overdue, we are automatically offering a 15% discount. All constraints passed: margin is healthy (17%) and inventory is above floor."
act_8cece844,run_v0_001,v0_baseline,NO_ACTION,0.0,False,11.4,"{""customer_id"": ""9"", ""product_id"": ""33787"", ""rfm_segment"": ""Need Attention"", ""overdue_ratio"": 12.29, ""inventory_level"": 109, ""gross_margin_pct"": 0.14}","[{""rule"": ""max_actions_per_user"", ""value"": 1, ""check"": ""PASS""}, {""rule"": ""inventory_floor"", ""value"": 50, ""check"": ""PASS""}, {""rule"": ""margin_floor"", ""value"": 0.15, ""check"": ""FAIL (post_margin=-0.01)""}, {""rule"": ""max_discount_pct"", ""value"": 0.15, ""check"": ""PASS""}]",Action Suppressed. Failed constraints: ['margin_floor'].
act_fea8863c,run_v0_001,v0_baseline,DISCOUNT,0.15,True,21.45,"{""customer_id"": ""10"", ""product_id"": ""23165"", ""rfm_segment"": ""New / Promising"", ""overdue_ratio"": 9.88, ""inventory_level"": 120, ""gross_margin_pct"": 0.4}","[{""rule"": ""max_actions_per_user"", ""value"": 1, ""check"": ""PASS""}, {""rule"": ""inventory_floor"", ""value"": 50, ""check"": ""PASS""}, {""rule"": ""margin_floor"", ""value"": 0.15, ""check"": ""PASS""}, {""rule"": ""max_discount_pct"", ""value"": 0.15, ""check"": ""PASS""}]","Since your 23165 replenishment is 888% overdue, we are automatically offering a 15% discount. All constraints passed: margin is healthy (25%) and inventory is above floor."
act_97506fdb,run_v0_001,v0_baseline,NO_ACTION,0.0,False,14.1,"{""customer_id"": ""11"", ""product_id"": ""18465"", ""rfm_segment"": ""New / Promising"", ""overdue_ratio"": 11.17, ""inventory_level"": 121, ""gross_margin_pct"": 0.14}","[{""rule"": ""max_actions_per_user"", ""value"": 1, ""check"": ""PASS""}, {""rule"": ""inventory_floor"", ""value"": 50, ""check"": ""PASS""}, {""rule"": ""margin_floor"", ""value"": 0.15, ""check"": ""FAIL (post_margin=-0.01)""}, {""rule"": ""max_discount_pct"", ""value"": 0.15, ""check"": ""PASS""}]",Action Suppressed. Failed constraints: ['margin_floor'].
act_9c686df9,run_v0_001,v0_baseline,NO_ACTION,0.0,False,11.1,"{""customer_id"": ""12"", ""product_id"": ""21198"", ""rfm_segment"": ""Need Attention"", ""overdue_ratio"": 10.92, ""inventory_level"": 121, ""gross_margin_pct"": 0.21}","[{""rule"": ""max_actions_per_user"", ""value"": 1, ""check"": ""PASS""}, {""rule"": ""inventory_floor"", ""value"": 50, ""check"": ""PASS""}, {""rule"": ""margin_floor"", ""value"": 0.15, ""check"": ""FAIL (post_margin=0.06)""}, {""rule"": ""max_discount_pct"", ""value"": 0.15, ""check"": ""PASS""}]",Action Suppressed. Failed constraints: ['margin_floor'].
act_35ddb98b,run_v0_001,v0_baseline,NO_ACTION,0.0,False,12.15,"{""customer_id"": ""13"", ""product_id"": ""19474"", ""rfm_segment"": ""Average Purchaser"", ""overdue_ratio"": 5.86, ""inventory_level"": 142, ""gross_margin_pct"": 0.25}","[{""rule"": ""max_actions_per_user"", ""value"": 1, ""check"": ""PASS""}, {""rule"": ""inventory_floor"", ""value"": 50, ""check"": ""PASS""}, {""rule"": ""margin_floor"", ""value"": 0.15, ""check"": ""FAIL (post_margin=0.1)""}, {""rule"": ""max_discount_pct"", ""value"": 0.15, ""check"": ""PASS""}]",Action Suppressed. Failed constraints: ['margin_floor'].
act_3e3c3bac,run_v0_001,v0_baseline,NO_ACTION,0.0,False,31.5,"{""customer_id"": ""14"", ""product_id"": ""4210"", ""rfm_segment"": ""High-Value At-Risk"", ""overdue_ratio"": 25.0, ""inventory_level"": 443, ""gross_margin_pct"": 0.17}","[{""rule"": ""max_actions_per_user"", ""value"": 1, ""check"": ""PASS""}, {""rule"": ""inventory_floor"", ""value"": 50, ""check"": ""PASS""}, {""rule"": ""margin_floor"", ""value"": 0.15, ""check"": ""FAIL (post_margin=0.02)""}, {""rule"": ""max_discount_pct"", ""value"": 0.15, ""check"": ""PASS""}]",Action Suppressed. Failed constraints: ['margin_floor'].
act_730774a5,run_v0_001,v0_baseline,NO_ACTION,0.0,False,10.8,"{""customer_id"": ""15"", ""product_id"": ""42862"", ""rfm_segment"": ""High-Value At-Risk"", ""overdue_ratio"": 17.47, ""inventory_level"": 200, ""gross_margin_pct"": 0.13}","[{""rule"": ""max_actions_per_user"", ""value"": 1, ""check"": ""PASS""}, {""rule"": ""inventory_floor"", ""value"": 50, ""check"": ""PASS""}, {""rule"": ""margin_floor"", ""value"": 0.15, ""check"": ""FAIL (post_margin=-0.02)""}, {""rule"": ""max_discount_pct"", ""value"": 0.15, ""check"": ""PASS""}]",Action Suppressed. Failed constraints: ['margin_floor'].
act_d6767d82,run_v0_001,v0_baseline,NO_ACTION,0.0,False,10.5,"{""customer_id"": ""16"", ""product_id"": ""44359"", ""rfm_segment"": ""Average Purchaser"", ""overdue_ratio"": 12.0, ""inventory_level"": 452, ""gross_margin_pct"": 0.12}","[{""rule"": ""max_actions_per_user"", ""value"": 1, ""check"": ""PASS""}, {""rule"": ""inventory_floor"", ""value"": 50, ""check"": ""PASS""}, {""rule"": ""margin_floor"", ""value"": 0.15, ""check"": ""FAIL (post_margin=-0.03)""}, {""rule"": ""max_discount_pct"", ""value"": 0.15, ""check"": ""PASS""}]",Action Suppressed. Failed constraints: ['margin_floor'].
act_7ed6d13f,run_v0_001,v0_baseline,NO_ACTION,0.0,False,44.1,"{""customer_id"": ""17"", ""product_id"": ""38444"", ""rfm_segment"": ""High-Value At-Risk"", ""overdue_ratio"": 62.0, ""inventory_level"": 471, ""gross_margin_pct"": 0.11}","[{""rule"": ""max_actions_per_user"", ""value"": 1, ""check"": ""PASS""}, {""rule"": ""inventory_floor"", ""value"": 50, ""check"": ""PASS""}, {""rule"": ""margin_floor"", ""value"": 0.15, ""check"": ""FAIL (post_margin=-0.04)""}, {""rule"": ""max_discount_pct"", ""value"": 0.15, ""check"": ""PASS""}]",Action Suppressed. Failed constraints: ['margin_floor'].
act_4854aa01,run_v0_001,v0_baseline,NO_ACTION,0.0,False,5.85,"{""customer_id"": ""18"", ""product_id"": ""40723"", ""rfm_segment"": ""New / Promising"", ""overdue_ratio"": 3.13, ""inventory_level"": 341, ""gross_margin_pct"": 0.13}","[{""rule"": ""max_actions_per_user"", ""value"": 1, ""check"": ""PASS""}, {""rule"": ""inventory_floor"", ""value"": 50, ""check"": ""PASS""}, {""rule"": ""margin_floor"", ""value"": 0.15, ""check"": ""FAIL (post_margin=-0.02)""}, {""rule"": ""max_discount_pct"", ""value"": 0.15, ""check"": ""PASS""}]",Action Suppressed. Failed constraints: ['margin_floor'].
act_5fa69478,run_v0_001,v0_baseline,DISCOUNT,0.15,True,30.6,"{""customer_id"": ""19"", ""product_id"": ""41319"", ""rfm_segment"": ""Average Purchaser"", ""overdue_ratio"": 7.25, ""inventory_level"": 62, ""gross_margin_pct"": 0.34}","[{""rule"": ""max_actions_per_user"", ""value"": 1, ""check"": ""PASS""}, {""rule"": ""inventory_floor"", ""value"": 50, ""check"": ""PASS""}, {""rule"": ""margin_floor"", ""value"": 0.15, ""check"": ""PASS""}, {""rule"": ""max_discount_pct"", ""value"": 0.15, ""check"": ""PASS""}]","Since your 41319 replenishment is 625% overdue, we are automatically offering a 15% discount. All constraints passed: margin is healthy (19%) and inventory is above floor."
act_29105448,run_v0_001,v0_baseline,NO_ACTION,0.0,False,3.3,"{""customer_id"": ""20"", ""product_id"": ""6184"", ""rfm_segment"": ""Average Purchaser"", ""overdue_ratio"": 8.8, ""inventory_level"": 457, ""gross_margin_pct"": 0.26}","[{""rule"": ""max_actions_per_user"", ""value"": 1, ""check"": ""PASS""}, {""rule"": ""inventory_floor"", ""value"": 50, ""check"": ""PASS""}, {""rule"": ""margin_floor"", ""value"": 0.15, ""check"": ""FAIL (post_margin=0.11)""}, {""rule"": ""max_discount_pct"", ""value"": 0.15, ""check"": ""PASS""}]",Action Suppressed. Failed constraints: ['margin_floor'].
act_cd95dfd4,run_v0_001,v0_baseline,NO_ACTION,0.0,False,30.75,"{""customer_id"": ""21"", ""product_id"": ""38444"", ""rfm_segment"": ""Need Attention"", ""overdue_ratio"": 57.6, ""inventory_level"": 471, ""gross_margin_pct"": 0.11}","[{""rule"": ""max_actions_per_user"", ""value"": 1, ""check"": ""PASS""}, {""rule"": ""inventory_floor"", ""value"": 50, ""check"": ""PASS""}, {""rule"": ""margin_floor"", ""value"": 0.15, ""check"": ""FAIL (post_margin=-0.04)""}, {""rule"": ""max_discount_pct"", ""value"": 0.15, ""check"": ""PASS""}]",Action Suppressed. Failed constraints: ['margin_floor'].
act_b14a065f,run_v0_001,v0_baseline,NO_ACTION,0.0,False,10.35,"{""customer_id"": ""22"", ""product_id"": ""44359"", ""rfm_segment"": ""High-Value At-Risk"", ""overdue_ratio"": 20.08, ""inventory_level"": 452, ""gross_margin_pct"": 0.12}","[{""rule"": ""max_actions_per_user"", ""value"": 1, ""check"": ""PASS""}, {""rule"": ""inventory_floor"", ""value"": 50, ""check"": ""PASS""}, {""rule"": ""margin_floor"", ""value"": 0.15, ""check"": ""FAIL (post_margin=-0.03)""}, {""rule"": ""max_discount_pct"", ""value"": 0.15, ""check"": ""PASS""}]",Action Suppressed. Failed constraints: ['margin_floor'].
act_0c70c76d,run_v0_001,v0_baseline,NO_ACTION,0.0,False,6.0,"{""customer_id"": ""23"", ""product_id"": ""4210"", ""rfm_segment"": ""Low-Value / Lost"", ""overdue_ratio"": 18.0, ""inventory_level"": 443, ""gross_margin_pct"": 0.17}","[{""rule"": ""max_actions_per_user"", ""value"": 1, ""check"": ""PASS""}, {""rule"": ""inventory_floor"", ""value"": 50, ""check"": ""PASS""}, {""rule"": ""margin_floor"", ""value"": 0.15, ""check"": ""FAIL (post_margin=0.02)""}, {""rule"": ""max_discount_pct"", ""value"": 0.15, ""check"": ""PASS""}]",Action Suppressed. Failed constraints: ['margin_floor'].
act_96257caf,run_v0_001,v0_baseline,DISCOUNT,0.15,True,5.7,"{""customer_id"": ""24"", ""product_id"": ""23423"", ""rfm_segment"": ""High-Value At-Risk"", ""overdue_ratio"": 11.5, ""inventory_level"": 338, ""gross_margin_pct"": 0.42}","[{""rule"": ""max_actions_per_user"", ""value"": 1, ""check"": ""PASS""}, {""rule"": ""inventory_floor"", ""value"": 50, ""check"": ""PASS""}, {""rule"": ""margin_floor"", ""value"": 0.15, ""check"": ""PASS""}, {""rule"": ""max_discount_pct"", ""value"": 0.15, ""check"": ""PASS""}]","Since your 23423 replenishment is 1050% overdue, we are automatically offering a 15% discount. All constraints passed: margin is healthy (27%) and inventory is above floor."
act_510b57d6,run_v0_001,v0_baseline,DISCOUNT,0.15,True,3.15,"{""customer_id"": ""25"", ""product_id"": ""31225"", ""rfm_segment"": ""New / Promising"", ""overdue_ratio"": 6.25, ""inventory_level"": 195, ""gross_margin_pct"": 0.43}","[{""rule"": ""max_actions_per_user"", ""value"": 1, ""check"": ""PASS""}, {""rule"": ""inventory_floor"", ""value"": 50, ""check"": ""PASS""}, {""rule"": ""margin_floor"", ""value"": 0.15, ""check"": ""PASS""}, {""rule"": ""max_discount_pct"", ""value"": 0.15, ""check"": ""PASS""}]","Since your 31225 replenishment is 525% overdue, we are automatically offering a 15% discount. All constraints passed: margin is healthy (28%) and inventory is above floor."
act_296e0374,run_v0_001,v0_baseline,DISCOUNT,0.15,True,8.4,"{""customer_id"": ""26"", ""product_id"": ""45650"", ""rfm_segment"": ""Average Purchaser"", ""overdue_ratio"": 9.86, ""inventory_level"": 411, ""gross_margin_pct"": 0.42}","[{""rule"": ""max_actions_per_user"", ""value"": 1, ""check"": ""PASS""}, {""rule"": ""inventory_floor"", ""value"": 50, ""check"": ""PASS""}, {""rule"": ""margin_floor"", ""value"": 0.15, ""check"": ""PASS""}, {""rule"": ""max_discount_pct"", ""value"": 0.15, ""check"": ""PASS""}]","Since your 45650 replenishment is 886% overdue, we are automatically offering a 15% discount. All constraints passed: margin is healthy (27%) and inventory is above floor."
act_62de6cea,run_v0_001,v0_baseline,DISCOUNT,0.15,True,115.2,"{""customer_id"": ""27"", ""product_id"": ""33736"", ""rfm_segment"": ""Need Attention"", ""overdue_ratio"": 64.22, ""inventory_level"": 138, ""gross_margin_pct"": 0.31}","[{""rule"": ""max_actions_per_user"", ""value"": 1, ""check"": ""PASS""}, {""rule"": ""inventory_floor"", ""value"": 50, ""check"": ""PASS""}, {""rule"": ""margin_floor"", ""value"": 0.15, ""check"": ""PASS""}, {""rule"": ""max_discount_pct"", ""value"": 0.15, ""check"": ""PASS""}]","Since your 33736 replenishment is 6322% overdue, we are automatically offering a 15% discount. All constraints passed: margin is healthy (16%) and inventory is above floor."
act_10ed9a52,run_v0_001,v0_baseline,DISCOUNT,0.15,True,27.45,"{""customer_id"": ""28"", ""product_id"": ""48105"", ""rfm_segment"": ""Need Attention"", ""overdue_ratio"": 17.17, ""inventory_level"": 115, ""gross_margin_pct"": 0.31}","[{""rule"": ""max_actions_per_user"", ""value"": 1, ""check"": ""PASS""}, {""rule"": ""inventory_floor"", ""value"": 50, ""check"": ""PASS""}, {""rule"": ""margin_floor"", ""value"": 0.15, ""check"": ""PASS""}, {""rule"": ""max_discount_pct"", ""value"": 0.15, ""check"": ""PASS""}]","Since your 48105 replenishment is 1617% overdue, we are automatically offering a 15% discount. All constraints passed: margin is healthy (16%) and inventory is above floor."
act_3815d84c,run_v0_001,v0_baseline,NO_ACTION,0.0,False,33.75,"{""customer_id"": ""29"", ""product_id"": ""38233"", ""rfm_segment"": ""Need Attention"", ""overdue_ratio"": 16.36, ""inventory_level"": 304, ""gross_margin_pct"": 0.19}","[{""rule"": ""max_actions_per_user"", ""value"": 1, ""check"": ""PASS""}, {""rule"": ""inventory_floor"", ""value"": 50, ""check"": ""PASS""}, {""rule"": ""margin_floor"", ""value"": 0.15, ""check"": ""FAIL (post_margin=0.04)""}, {""rule"": ""max_discount_pct"", ""value"": 0.15, ""check"": ""PASS""}]",Action Suppressed. Failed constraints: ['margin_floor'].
act_cb3e61e0,run_v0_001,v0_baseline,NO_ACTION,0.0,False,1.65,"{""customer_id"": ""30"", ""product_id"": ""6184"", ""rfm_segment"": ""Average Purchaser"", ""overdue_ratio"": 18.53, ""inventory_level"": 457, ""gross_margin_pct"": 0.26}","[{""rule"": ""max_actions_per_user"", ""value"": 1, ""check"": ""PASS""}, {""rule"": ""inventory_floor"", ""value"": 50, ""check"": ""PASS""}, {""rule"": ""margin_floor"", ""value"": 0.15, ""check"": ""FAIL (post_margin=0.11)""}, {""rule"": ""max_discount_pct"", ""value"": 0.15, ""check"": ""PASS""}]",Action Suppressed. Failed constraints: ['margin_floor'].
act_84f883ad,run_v0_001,v0_baseline,NO_ACTION,0.0,False,44.85,"{""customer_id"": ""31"", ""product_id"": ""25132"", ""rfm_segment"": ""Champion / Loyal"", ""overdue_ratio"": 9.92, ""inventory_level"": 73, ""gross_margin_pct"": 0.2}","[{""rule"": ""max_actions_per_user"", ""value"": 1, ""check"": ""PASS""}, {""rule"": ""inventory_floor"", ""value"": 50, ""check"": ""PASS""}, {""rule"": ""margin_floor"", ""value"": 0.15, ""check"": ""FAIL (post_margin=0.05)""}, {""rule"": ""max_discount_pct"", ""value"": 0.15, ""check"": ""PASS""}]",Action Suppressed. Failed constraints: ['margin_floor'].
act_2a24b04e,run_v0_001,v0_baseline,NO_ACTION,0.0,False,17.1,"{""customer_id"": ""32"", ""product_id"": ""5612"", ""rfm_segment"": ""New / Promising"", ""overdue_ratio"": 12.62, ""inventory_level"": 342, ""gross_margin_pct"": 0.21}","[{""rule"": ""max_actions_per_user"", ""value"": 1, ""check"": ""PASS""}, {""rule"": ""inventory_floor"", ""value"": 50, ""check"": ""PASS""}, {""rule"": ""margin_floor"", ""value"": 0.15, ""check"": ""FAIL (post_margin=0.06)""}, {""rule"": ""max_discount_pct"", ""value"": 0.15, ""check"": ""PASS""}]",Action Suppressed. Failed constraints: ['margin_floor'].
act_eb1c0696,run_v0_001,v0_baseline,NO_ACTION,0.0,False,7.95,"{""customer_id"": ""33"", ""product_id"": ""36086"", ""rfm_segment"": ""Low-Value / Lost"", ""overdue_ratio"": 11.73, ""inventory_level"": 211, ""gross_margin_pct"": 0.29}","[{""rule"": ""max_actions_per_user"", ""value"": 1, ""check"": ""PASS""}, {""rule"": ""inventory_floor"", ""value"": 50, ""check"": ""PASS""}, {""rule"": ""margin_floor"", ""value"": 0.15, ""check"": ""FAIL (post_margin=0.14)""}, {""rule"": ""max_discount_pct"", ""value"": 0.15, ""check"": ""PASS""}]",Action Suppressed. Failed constraints: ['margin_floor'].
act_80c75912,run_v0_001,v0_baseline,NO_ACTION,0.0,False,4.8,"{""customer_id"": ""34"", ""product_id"": ""21137"", ""rfm_segment"": ""New / Promising"", ""overdue_ratio"": 4.0, ""inventory_level"": 113, ""gross_margin_pct"": 0.12}","[{""rule"": ""max_actions_per_user"", ""value"": 1, ""check"": ""PASS""}, {""rule"": ""inventory_floor"", ""value"": 50, ""check"": ""PASS""}, {""rule"": ""margin_floor"", ""value"": 0.15, ""check"": ""FAIL (post_margin=-0.03)""}, {""rule"": ""max_discount_pct"", ""value"": 0.15, ""check"": ""PASS""}]",Action Suppressed. Failed constraints: ['margin_floor'].
act_c0abcd59,run_v0_001,v0_baseline,DISCOUNT,0.15,True,27.6,"{""customer_id"": ""35"", ""product_id"": ""38596"", ""rfm_segment"": ""High-Value At-Risk"", ""overdue_ratio"": 22.45, ""inventory_level"": 104, ""gross_margin_pct"": 0.41}","[{""rule"": ""max_actions_per_user"", ""value"": 1, ""check"": ""PASS""}, {""rule"": ""inventory_floor"", ""value"": 50, ""check"": ""PASS""}, {""rule"": ""margin_floor"", ""value"": 0.15, ""check"": ""PASS""}, {""rule"": ""max_discount_pct"", ""value"": 0.15, ""check"": ""PASS""}]","Since your 38596 replenishment is 2145% overdue, we are automatically offering a 15% discount. All constraints passed: margin is healthy (26%) and inventory is above floor."
act_7cb8af3c,run_v0_001,v0_baseline,DISCOUNT,0.15,True,22.95,"{""customer_id"": ""36"", ""product_id"": ""46088"", ""rfm_segment"": ""High-Value At-Risk"", ""overdue_ratio"": 31.04, ""inventory_level"": 79, ""gross_margin_pct"": 0.33}","[{""rule"": ""max_actions_per_user"", ""value"": 1, ""check"": ""PASS""}, {""rule"": ""inventory_floor"", ""value"": 50, ""check"": ""PASS""}, {""rule"": ""margin_floor"", ""value"": 0.15, ""check"": ""PASS""}, {""rule"": ""max_discount_pct"", ""value"": 0.15, ""check"": ""PASS""}]","Since your 46088 replenishment is 3004% overdue, we are automatically offering a 15% discount. All constraints passed: margin is healthy (18%) and inventory is above floor."
act_e0632f6b,run_v0_001,v0_baseline,NO_ACTION,0.0,False,28.2,"{""customer_id"": ""37"", ""product_id"": ""38693"", ""rfm_segment"": ""Champion / Loyal"", ""overdue_ratio"": 21.8, ""inventory_level"": 101, ""gross_margin_pct"": 0.17}","[{""rule"": ""max_actions_per_user"", ""value"": 1, ""check"": ""PASS""}, {""rule"": ""inventory_floor"", ""value"": 50, ""check"": ""PASS""}, {""rule"": ""margin_floor"", ""value"": 0.15, ""check"": ""FAIL (post_margin=0.02)""}, {""rule"": ""max_discount_pct"", ""value"": 0.15, ""check"": ""PASS""}]",Action Suppressed. Failed constraints: ['margin_floor'].
act_7e6f779e,run_v0_001,v0_baseline,NO_ACTION,0.0,False,29.25,"{""customer_id"": ""38"", ""product_id"": ""19816"", ""rfm_segment"": ""Average Purchaser"", ""overdue_ratio"": 23.0, ""inventory_level"": 335, ""gross_margin_pct"": 0.11}","[{""rule"": ""max_actions_per_user"", ""value"": 1, ""check"": ""PASS""}, {""rule"": ""inventory_floor"", ""value"": 50, ""check"": ""PASS""}, {""rule"": ""margin_floor"", ""value"": 0.15, ""check"": ""FAIL (post_margin=-0.04)""}, {""rule"": ""max_discount_pct"", ""value"": 0.15, ""check"": ""PASS""}]",Action Suppressed. Failed constraints: ['margin_floor'].
act_72f3030f,run_v0_001,v0_baseline,NO_ACTION,0.0,False,21.15,"{""customer_id"": ""39"", ""product_id"": ""23291"", ""rfm_segment"": ""New / Promising"", ""overdue_ratio"": 8.88, ""inventory_level"": 344, ""gross_margin_pct"": 0.13}","[{""rule"": ""max_actions_per_user"", ""value"": 1, ""check"": ""PASS""}, {""rule"": ""inventory_floor"", ""value"": 50, ""check"": ""PASS""}, {""rule"": ""margin_floor"", ""value"": 0.15, ""check"": ""FAIL (post_margin=-0.02)""}, {""rule"": ""max_discount_pct"", ""value"": 0.15, ""check"": ""PASS""}]",Action Suppressed. Failed constraints: ['margin_floor'].
act_64ab6707,run_v0_001,v0_baseline,NO_ACTION,0.0,False,15.6,"{""customer_id"": ""40"", ""product_id"": ""23472"", ""rfm_segment"": ""Average Purchaser"", ""overdue_ratio"": 10.34, ""inventory_level"": 333, ""gross_margin_pct"": 0.17}","[{""rule"": ""max_actions_per_user"", ""value"": 1, ""check"": ""PASS""}, {""rule"": ""inventory_floor"", ""value"": 50, ""check"": ""PASS""}, {""rule"": ""margin_floor"", ""value"": 0.15, ""check"": ""FAIL (post_margin=0.02)""}, {""rule"": ""max_discount_pct"", ""value"": 0.15, ""check"": ""PASS""}]",Action Suppressed. Failed constraints: ['margin_floor'].
act_49e637bd,run_v0_001,v0_baseline,DISCOUNT,0.15,True,9.75,"{""customer_id"": ""41"", ""product_id"": ""42828"", ""rfm_segment"": ""Average Purchaser"", ""overdue_ratio"": 16.0, ""inventory_level"": 68, ""gross_margin_pct"": 0.47}","[{""rule"": ""max_actions_per_user"", ""value"": 1, ""check"": ""PASS""}, {""rule"": ""inventory_floor"", ""value"": 50, ""check"": ""PASS""}, {""rule"": ""margin_floor"", ""value"": 0.15, ""check"": ""PASS""}, {""rule"": ""max_discount_pct"", ""value"": 0.15, ""check"": ""PASS""}]","Since your 42828 replenishment is 1500% overdue, we are automatically offering a 15% discount. All constraints passed: margin is healthy (32%) and inventory is above floor."
act_617cf4d9,run_v0_001,v0_baseline,DISCOUNT,0.15,True,19.95,"{""customer_id"": ""42"", ""product_id"": ""34594"", ""rfm_segment"": ""Champion / Loyal"", ""overdue_ratio"": 17.38, ""inventory_level"": 79, ""gross_margin_pct"": 0.42}","[{""rule"": ""max_actions_per_user"", ""value"": 1, ""check"": ""PASS""}, {""rule"": ""inventory_floor"", ""value"": 50, ""check"": ""PASS""}, {""rule"": ""margin_floor"", ""value"": 0.15, ""check"": ""PASS""}, {""rule"": ""max_discount_pct"", ""value"": 0.15, ""check"": ""PASS""}]","Since your 34594 replenishment is 1638% overdue, we are automatically offering a 15% discount. All constraints passed: margin is healthy (27%) and inventory is above floor."
act_32969241,run_v0_001,v0_baseline,NO_ACTION,0.0,False,22.05,"{""customer_id"": ""43"", ""product_id"": ""27086"", ""rfm_segment"": ""High-Value At-Risk"", ""overdue_ratio"": 20.89, ""inventory_level"": 288, ""gross_margin_pct"": 0.27}","[{""rule"": ""max_actions_per_user"", ""value"": 1, ""check"": ""PASS""}, {""rule"": ""inventory_floor"", ""value"": 50, ""check"": ""PASS""}, {""rule"": ""margin_floor"", ""value"": 0.15, ""check"": ""FAIL (post_margin=0.12)""}, {""rule"": ""max_discount_pct"", ""value"": 0.15, ""check"": ""PASS""}]",Action Suppressed. Failed constraints: ['margin_floor'].
act_0d8e476c,run_v0_001,v0_baseline,DISCOUNT,0.15,True,5.55,"{""customer_id"": ""44"", ""product_id"": ""23341"", ""rfm_segment"": ""Low-Value / Lost"", ""overdue_ratio"": 11.42, ""inventory_level"": 330, ""gross_margin_pct"": 0.38}","[{""rule"": ""max_actions_per_user"", ""value"": 1, ""check"": ""PASS""}, {""rule"": ""inventory_floor"", ""value"": 50, ""check"": ""PASS""}, {""rule"": ""margin_floor"", ""value"": 0.15, ""check"": ""PASS""}, {""rule"": ""max_discount_pct"", ""value"": 0.15, ""check"": ""PASS""}]","Since your 23341 replenishment is 1042% overdue, we are automatically offering a 15% discount. All constraints passed: margin is healthy (23%) and inventory is above floor."
act_8f0f4519,run_v0_001,v0_baseline,DISCOUNT,0.15,True,2.7,"{""customer_id"": ""45"", ""product_id"": ""47965"", ""rfm_segment"": ""Average Purchaser"", ""overdue_ratio"": 6.9, ""inventory_level"": 150, ""gross_margin_pct"": 0.43}","[{""rule"": ""max_actions_per_user"", ""value"": 1, ""check"": ""PASS""}, {""rule"": ""inventory_floor"", ""value"": 50, ""check"": ""PASS""}, {""rule"": ""margin_floor"", ""value"": 0.15, ""check"": ""PASS""}, {""rule"": ""max_discount_pct"", ""value"": 0.15, ""check"": ""PASS""}]","Since your 47965 replenishment is 590% overdue, we are automatically offering a 15% discount. All constraints passed: margin is healthy (28%) and inventory is above floor."
act_681e86b7,run_v0_001,v0_baseline,DISCOUNT,0.15,True,23.55,"{""customer_id"": ""46"", ""product_id"": ""41844"", ""rfm_segment"": ""High-Value At-Risk"", ""overdue_ratio"": 21.11, ""inventory_level"": 287, ""gross_margin_pct"": 0.39}","[{""rule"": ""max_actions_per_user"", ""value"": 1, ""check"": ""PASS""}, {""rule"": ""inventory_floor"", ""value"": 50, ""check"": ""PASS""}, {""rule"": ""margin_floor"", ""value"": 0.15, ""check"": ""PASS""}, {""rule"": ""max_discount_pct"", ""value"": 0.15, ""check"": ""PASS""}]","Since your 41844 replenishment is 2011% overdue, we are automatically offering a 15% discount. All constraints passed: margin is healthy (24%) and inventory is above floor."
act_91c5f121,run_v0_001,v0_baseline,NO_ACTION,0.0,False,3.9,"{""customer_id"": ""47"", ""product_id"": ""11204"", ""rfm_segment"": ""New / Promising"", ""overdue_ratio"": 5.62, ""inventory_level"": 489, ""gross_margin_pct"": 0.11}","[{""rule"": ""max_actions_per_user"", ""value"": 1, ""check"": ""PASS""}, {""rule"": ""inventory_floor"", ""value"": 50, ""check"": ""PASS""}, {""rule"": ""margin_floor"", ""value"": 0.15, ""check"": ""FAIL (post_margin=-0.04)""}, {""rule"": ""max_discount_pct"", ""value"": 0.15, ""check"": ""PASS""}]",Action Suppressed. Failed constraints: ['margin_floor'].
act_e13abab2,run_v0_001,v0_baseline,DISCOUNT,0.15,True,16.95,"{""customer_id"": ""48"", ""product_id"": ""22613"", ""rfm_segment"": ""Average Purchaser"", ""overdue_ratio"": 16.64, ""inventory_level"": 252, ""gross_margin_pct"": 0.35}","[{""rule"": ""max_actions_per_user"", ""value"": 1, ""check"": ""PASS""}, {""rule"": ""inventory_floor"", ""value"": 50, ""check"": ""PASS""}, {""rule"": ""margin_floor"", ""value"": 0.15, ""check"": ""PASS""}, {""rule"": ""max_discount_pct"", ""value"": 0.15, ""check"": ""PASS""}]","Since your 22613 replenishment is 1564% overdue, we are automatically offering a 15% discount. All constraints passed: margin is healthy (20%) and inventory is above floor."
act_05d5aff3,run_v0_001,v0_baseline,NO_ACTION,0.0,False,7.05,"{""customer_id"": ""49"", ""product_id"": ""2966"", ""rfm_segment"": ""Average Purchaser"", ""overdue_ratio"": 32.0, ""inventory_level"": 205, ""gross_margin_pct"": 0.25}","[{""rule"": ""max_actions_per_user"", ""value"": 1, ""check"": ""PASS""}, {""rule"": ""inventory_floor"", ""value"": 50, ""check"": ""PASS""}, {""rule"": ""margin_floor"", ""value"": 0.15, ""check"": ""FAIL (post_margin=0.1)""}, {""rule"": ""max_discount_pct"", ""value"": 0.15, ""check"": ""PASS""}]",Action Suppressed. Failed constraints: ['margin_floor'].
act_b24e4b05,run_v0_001,v0_baseline,DISCOUNT,0.15,True,67.95,"{""customer_id"": ""50"", ""product_id"": ""18140"", ""rfm_segment"": ""Champion / Loyal"", ""overdue_ratio"": 25.93, ""inventory_level"": 358, ""gross_margin_pct"": 0.43}","[{""rule"": ""max_actions_per_user"", ""value"": 1, ""check"": ""PASS""}, {""rule"": ""inventory_floor"", ""value"": 50, ""check"": ""PASS""}, {""rule"": ""margin_floor"", ""value"": 0.15, ""check"": ""PASS""}, {""rule"": ""max_discount_pct"", ""value"": 0.15, ""check"": ""PASS""}]","Since your 18140 replenishment is 2493% overdue, we are automatically offering a 15% discount. All constraints passed: margin is healthy (28%) and inventory is above floor."
act_c2f55b76,run_v0_001,v0_baseline,NO_ACTION,0.0,False,4.35,"{""customer_id"": ""51"", ""product_id"": ""20115"", ""rfm_segment"": ""New / Promising"", ""overdue_ratio"": 5.2, ""inventory_level"": 377, ""gross_margin_pct"": 0.21}","[{""rule"": ""max_actions_per_user"", ""value"": 1, ""check"": ""PASS""}, {""rule"": ""inventory_floor"", ""value"": 50, ""check"": ""PASS""}, {""rule"": ""margin_floor"", ""value"": 0.15, ""check"": ""FAIL (post_margin=0.06)""}, {""rule"": ""max_discount_pct"", ""value"": 0.15, ""check"": ""PASS""}]",Action Suppressed. Failed constraints: ['margin_floor'].
act_14c89b10,run_v0_001,v0_baseline,NO_ACTION,0.0,False,25.35,"{""customer_id"": ""52"", ""product_id"": ""6184"", ""rfm_segment"": ""Need Attention"", ""overdue_ratio"": 16.53, ""inventory_level"": 457, ""gross_margin_pct"": 0.26}","[{""rule"": ""max_actions_per_user"", ""value"": 1, ""check"": ""PASS""}, {""rule"": ""inventory_floor"", ""value"": 50, ""check"": ""PASS""}, {""rule"": ""margin_floor"", ""value"": 0.15, ""check"": ""FAIL (post_margin=0.11)""}, {""rule"": ""max_discount_pct"", ""value"": 0.15, ""check"": ""PASS""}]",Action Suppressed. Failed constraints: ['margin_floor'].
act_f73e1588,run_v0_001,v0_baseline,DISCOUNT,0.15,True,5.25,"{""customer_id"": ""53"", ""product_id"": ""45541"", ""rfm_segment"": ""New / Promising"", ""overdue_ratio"": 5.33, ""inventory_level"": 368, ""gross_margin_pct"": 0.49}","[{""rule"": ""max_actions_per_user"", ""value"": 1, ""check"": ""PASS""}, {""rule"": ""inventory_floor"", ""value"": 50, ""check"": ""PASS""}, {""rule"": ""margin_floor"", ""value"": 0.15, ""check"": ""PASS""}, {""rule"": ""max_discount_pct"", ""value"": 0.15, ""check"": ""PASS""}]","Since your 45541 replenishment is 433% overdue, we are automatically offering a 15% discount. All constraints passed: margin is healthy (34%) and inventory is above floor."
act_24cef9e9,run_v0_001,v0_baseline,DISCOUNT,0.15,True,92.85,"{""customer_id"": ""54"", ""product_id"": ""11005"", ""rfm_segment"": ""Champion / Loyal"", ""overdue_ratio"": 32.0, ""inventory_level"": 281, ""gross_margin_pct"": 0.46}","[{""rule"": ""max_actions_per_user"", ""value"": 1, ""check"": ""PASS""}, {""rule"": ""inventory_floor"", ""value"": 50, ""check"": ""PASS""}, {""rule"": ""margin_floor"", ""value"": 0.15, ""check"": ""PASS""}, {""rule"": ""max_discount_pct"", ""value"": 0.15, ""check"": ""PASS""}]","Since your 11005 replenishment is 3100% overdue, we are automatically offering a 15% discount. All constraints passed: margin is healthy (31%) and inventory is above floor."
act_377cfec2,run_v0_001,v0_baseline,DISCOUNT,0.15,True,13.05,"{""customer_id"": ""55"", ""product_id"": ""26172"", ""rfm_segment"": ""Need Attention"", ""overdue_ratio"": 15.0, ""inventory_level"": 153, ""gross_margin_pct"": 0.36}","[{""rule"": ""max_actions_per_user"", ""value"": 1, ""check"": ""PASS""}, {""rule"": ""inventory_floor"", ""value"": 50, ""check"": ""PASS""}, {""rule"": ""margin_floor"", ""value"": 0.15, ""check"": ""PASS""}, {""rule"": ""max_discount_pct"", ""value"": 0.15, ""check"": ""PASS""}]","Since your 26172 replenishment is 1400% overdue, we are automatically offering a 15% discount. All constraints passed: margin is healthy (21%) and inventory is above floor."
act_1b19f427,run_v0_001,v0_baseline,DISCOUNT,0.15,True,21.75,"{""customer_id"": ""56"", ""product_id"": ""47652"", ""rfm_segment"": ""High-Value At-Risk"", ""overdue_ratio"": 14.17, ""inventory_level"": 250, ""gross_margin_pct"": 0.47}","[{""rule"": ""max_actions_per_user"", ""value"": 1, ""check"": ""PASS""}, {""rule"": ""inventory_floor"", ""value"": 50, ""check"": ""PASS""}, {""rule"": ""margin_floor"", ""value"": 0.15, ""check"": ""PASS""}, {""rule"": ""max_discount_pct"", ""value"": 0.15, ""check"": ""PASS""}]","Since your 47652 replenishment is 1317% overdue, we are automatically offering a 15% discount. All constraints passed: margin is healthy (32%) and inventory is above floor."
act_5d18f6fc,run_v0_001,v0_baseline,DISCOUNT,0.15,True,10.8,"{""customer_id"": ""57"", ""product_id"": ""6753"", ""rfm_segment"": ""High-Value At-Risk"", ""overdue_ratio"": 10.0, ""inventory_level"": 354, ""gross_margin_pct"": 0.33}","[{""rule"": ""max_actions_per_user"", ""value"": 1, ""check"": ""PASS""}, {""rule"": ""inventory_floor"", ""value"": 50, ""check"": ""PASS""}, {""rule"": ""margin_floor"", ""value"": 0.15, ""check"": ""PASS""}, {""rule"": ""max_discount_pct"", ""value"": 0.15, ""check"": ""PASS""}]","Since your 6753 replenishment is 900% overdue, we are automatically offering a 15% discount. All constraints passed: margin is healthy (18%) and inventory is above floor."
act_78cd024f,run_v0_001,v0_baseline,NO_ACTION,0.0,False,14.55,"{""customer_id"": ""58"", ""product_id"": ""2151"", ""rfm_segment"": ""Average Purchaser"", ""overdue_ratio"": 11.42, ""inventory_level"": 476, ""gross_margin_pct"": 0.11}","[{""rule"": ""max_actions_per_user"", ""value"": 1, ""check"": ""PASS""}, {""rule"": ""inventory_floor"", ""value"": 50, ""check"": ""PASS""}, {""rule"": ""margin_floor"", ""value"": 0.15, ""check"": ""FAIL (post_margin=-0.04)""}, {""rule"": ""max_discount_pct"", ""value"": 0.15, ""check"": ""PASS""}]",Action Suppressed. Failed constraints: ['margin_floor'].
act_0840c27e,run_v0_001,v0_baseline,DISCOUNT,0.15,True,13.8,"{""customer_id"": ""59"", ""product_id"": ""36039"", ""rfm_segment"": ""Average Purchaser"", ""overdue_ratio"": 21.3, ""inventory_level"": 110, ""gross_margin_pct"": 0.39}","[{""rule"": ""max_actions_per_user"", ""value"": 1, ""check"": ""PASS""}, {""rule"": ""inventory_floor"", ""value"": 50, ""check"": ""PASS""}, {""rule"": ""margin_floor"", ""value"": 0.15, ""check"": ""PASS""}, {""rule"": ""max_discount_pct"", ""value"": 0.15, ""check"": ""PASS""}]","Since your 36039 replenishment is 2030% overdue, we are automatically offering a 15% discount. All constraints passed: margin is healthy (24%) and inventory is above floor."
act_ad57ecc9,run_v0_001,v0_baseline,DISCOUNT,0.15,True,10.05,"{""customer_id"": ""60"", ""product_id"": ""41950"", ""rfm_segment"": ""Average Purchaser"", ""overdue_ratio"": 16.52, ""inventory_level"": 369, ""gross_margin_pct"": 0.41}","[{""rule"": ""max_actions_per_user"", ""value"": 1, ""check"": ""PASS""}, {""rule"": ""inventory_floor"", ""value"": 50, ""check"": ""PASS""}, {""rule"": ""margin_floor"", ""value"": 0.15, ""check"": ""PASS""}, {""rule"": ""max_discount_pct"", ""value"": 0.15, ""check"": ""PASS""}]","Since your 41950 replenishment is 1552% overdue, we are automatically offering a 15% discount. All constraints passed: margin is healthy (26%) and inventory is above floor."
act_dc0def81,run_v0_001,v0_baseline,NO_ACTION,0.0,False,13.05,"{""customer_id"": ""61"", ""product_id"": ""38154"", ""rfm_segment"": ""New / Promising"", ""overdue_ratio"": 8.36, ""inventory_level"": 368, ""gross_margin_pct"": 0.16}","[{""rule"": ""max_actions_per_user"", ""value"": 1, ""check"": ""PASS""}, {""rule"": ""inventory_floor"", ""value"": 50, ""check"": ""PASS""}, {""rule"": ""margin_floor"", ""value"": 0.15, ""check"": ""FAIL (post_margin=0.01)""}, {""rule"": ""max_discount_pct"", ""value"": 0.15, ""check"": ""PASS""}]",Action Suppressed. Failed constraints: ['margin_floor'].
act_3cbe3555,run_v0_001,v0_baseline,DISCOUNT,0.15,True,12.0,"{""customer_id"": ""62"", ""product_id"": ""43352"", ""rfm_segment"": ""Need Attention"", ""overdue_ratio"": 19.5, ""inventory_level"": 462, ""gross_margin_pct"": 0.4}","[{""rule"": ""max_actions_per_user"", ""value"": 1, ""check"": ""PASS""}, {""rule"": ""inventory_floor"", ""value"": 50, ""check"": ""PASS""}, {""rule"": ""margin_floor"", ""value"": 0.15, ""check"": ""PASS""}, {""rule"": ""max_discount_pct"", ""value"": 0.15, ""check"": ""PASS""}]","Since your 43352 replenishment is 1850% overdue, we are automatically offering a 15% discount. All constraints passed: margin is healthy (25%) and inventory is above floor."
act_ad7b2131,run_v0_001,v0_baseline,DISCOUNT,0.15,True,75.6,"{""customer_id"": ""63"", ""product_id"": ""42828"", ""rfm_segment"": ""Need Attention"", ""overdue_ratio"": 38.6, ""inventory_level"": 68, ""gross_margin_pct"": 0.47}","[{""rule"": ""max_actions_per_user"", ""value"": 1, ""check"": ""PASS""}, {""rule"": ""inventory_floor"", ""value"": 50, ""check"": ""PASS""}, {""rule"": ""margin_floor"", ""value"": 0.15, ""check"": ""PASS""}, {""rule"": ""max_discount_pct"", ""value"": 0.15, ""check"": ""PASS""}]","Since your 42828 replenishment is 3760% overdue, we are automatically offering a 15% discount. All constraints passed: margin is healthy (32%) and inventory is above floor."
act_c917c0fd,run_v0_001,v0_baseline,NO_ACTION,0.0,False,20.25,"{""customer_id"": ""64"", ""product_id"": ""4210"", ""rfm_segment"": ""Average Purchaser"", ""overdue_ratio"": 14.86, ""inventory_level"": 443, ""gross_margin_pct"": 0.17}","[{""rule"": ""max_actions_per_user"", ""value"": 1, ""check"": ""PASS""}, {""rule"": ""inventory_floor"", ""value"": 50, ""check"": ""PASS""}, {""rule"": ""margin_floor"", ""value"": 0.15, ""check"": ""FAIL (post_margin=0.02)""}, {""rule"": ""max_discount_pct"", ""value"": 0.15, ""check"": ""PASS""}]",Action Suppressed. Failed constraints: ['margin_floor'].
